#DEFINITIONS,dc=http://purl.org/dc/elements/1.1/,,,,,,,,,,,,,,,,,
#dc:conformsTo,ami.it/dataformat,,,,,,,,,,,,,,,,,
#dc:identifier,GiacominoPuglieseDiGirolamo2008,,,,,,,,,,,,,,,,,
#dc:description,Trascrizione e analisi dei versi del componimento Rime di Giacomino Pugliese. Fellowship Marco Praloran 2013. ,,,,,,,,,,,,,,,,,
#dc:author,Giacomino Pugliese,,,# autore del componimento non del file,,,,,,,,,,,,,,
#dc:title,Rime,,,# titolo del componimento non del file,,,,,,,,,,,,,,
#dc:data,1200-01-01/1300-01-01,,,# periodo in cui è stata scritta l'opera nel seguente formato: termine post quem/termine ante quem aaaa-mm-gg/aaaa-mm-gg,,,,,,,,,,,,,,
#dc:source,"Di Girolamo, 2008",,,"# l'edizione da cui è stato tratto il testo nel seguente formato cognomeautore-cognomeautore, anno",,,,,,,,,,,,,,
#dc:source,http://id.sbn.it/bid/MIL0749010,,,# perma link dal sto https://opac.sbn.it/ relativo all'edizione usata per compilare i dati,,,,,,,,,,,,,,
#dc:source,https://docs.google.com/spreadsheets/d/1WVRqag-lTfEW1OL9eJ6ZCKayVEJ6mCaSLlsmZzCFWPI/edit?usp=sharing,,,# file da cui è stato esportato,,,,,,,,,,,,,,
#dc:creator,Laura Facini,,,# autore principale della schedatura,,,,,,,,,,,,,,
#dc:contributor,,,,# eventuali collaboratori o correttori,,,,,,,,,,,,,,
#dc:provenance,Fondazione Ezio Franceschini ONLUS,,,# l'affiliazione che ha inizialmente generato il dato,,,,,,,,,,,,,,
#dc:publisher,Gruppo Padovano di Stilistica,,,# l'ente responsabile della schedatura,,,,,,,,,,,,,,
#dc:dateSubmitted,12/04/2022,,,# data di invio del dato al respository,,,,,,,,,,,,,,
#dc:dateAccepted,,,,# data nella quale il dato viene integrato nella nuova release,,,,,,,,,,,,,,
sigla,sottogruppo,numero_del_verso,metro,schema_metrico,congedo,tipo_verso,trascrizione_verso,accento_01,accento_02,accento_03,accento_04,accento_05,accento_06,accento_07,accento_08,accento_09,accento_10,irregolarità
1,,1,canzone,ABAB CCbCCb,,11,"Morte, perché m'ài fatta sì gran guerra",1,0,0,1,0,1,0,1,0,1,
1,,2,canzone,ABAB CCbCCb,,11,"che m'ài tolta madonna, ond'io mi doglio?",0,0,1,0,0,1,0,1,0,1,
1,,3,canzone,ABAB CCbCCb,,11,La fior de le bellezze mort'ài in terra,0,1,0,0,0,1,0,1,0,1,
1,,4,canzone,ABAB CCbCCb,,11,per che lo mondo non amo né voglio.,0,0,0,1,0,0,1,0,0,1,
1,,5,canzone,ABAB CCbCCb,,11,"Villana morte, che nonn à' pietanza,",0,1,0,1,0,0,0,1,0,1,
1,,6,canzone,ABAB CCbCCb,,11,disparti amore e togli l'allegranza,0,1,0,1,0,1,0,0,0,1,
1,,7,canzone,ABAB CCbCCb,,5,e dai cordoglio;,0,0,0,1,0,0,0,0,0,0,
1,,8,canzone,ABAB CCbCCb,,11,"la mia alegranza post'ài in gran stristanza,",0,0,0,1,0,0,1,0,0,1,
1,,9,canzone,ABAB CCbCCb,,11,che m'ài tolto la gioia e l'alegranza,0,0,1,0,0,1,0,0,0,1,
1,,10,canzone,ABAB CCbCCb,,5,ch'avere soglio.,0,1,0,1,0,0,0,0,0,0,
1,,11,canzone,ABAB CCbCCb,,11,Sollea aver sollazzo e gioco e riso,0,1,0,1,0,1,0,1,0,1,
1,,12,canzone,ABAB CCbCCb,,11,più che null'altro cavalier che sia:,1,0,0,1,0,0,0,1,0,1,
1,,13,canzone,ABAB CCbCCb,,11,"or se n'è gita madonna in paradiso,",0,0,0,0,0,0,0,0,0,0,IPERMETRO
1,,14,canzone,ABAB CCbCCb,,11,portòne la dolze speranza mia;,0,1,0,0,1,0,0,1,0,1,
1,,15,canzone,ABAB CCbCCb,,11,"lasciòmi in pene e con sospiri e planti,",0,1,0,1,0,0,0,1,0,1,
1,,16,canzone,ABAB CCbCCb,,11,levòmi da sollazzo e gioco e canti,0,1,0,0,0,1,0,1,0,1,
1,,17,canzone,ABAB CCbCCb,,5,e compagnia;,0,0,0,1,0,0,0,0,0,0,
1,,18,canzone,ABAB CCbCCb,,11,or no la veggio né le sto davanti,1,0,0,1,0,0,0,1,0,1,
1,,19,canzone,ABAB CCbCCb,,11,e non mi mostra li dolzi sembianti,0,0,0,1,0,0,1,0,0,1,
1,,20,canzone,ABAB CCbCCb,,5,che far solia.,0,0,0,1,0,0,0,0,0,0,
1,,21,canzone,ABAB CCbCCb,,11,"Oi Deo, perché m'ài posto in tale iranza?",0,1,0,1,0,1,0,1,0,1,
1,,22,canzone,ABAB CCbCCb,,11,"Ch'io son smaruto, non so ove mi sia,",1,0,0,1,0,0,1,0,0,1,
1,,23,canzone,ABAB CCbCCb,,11,"che m'ài levata la dolze speranza,",0,0,0,1,0,0,1,0,0,1,
1,,24,canzone,ABAB CCbCCb,,11,partit'ài la più dolze compagnia,0,0,1,0,0,1,0,0,0,1,
1,,25,canzone,ABAB CCbCCb,,11,"che sia i· nulla parte, ciò m'è aviso.",0,1,0,1,0,1,0,1,0,1,
1,,26,canzone,ABAB CCbCCb,,11,"Madonna, chi lo tene lo tuo viso",0,1,0,0,0,1,0,0,0,1,
1,,27,canzone,ABAB CCbCCb,,5,in sua balia?,0,0,0,1,0,0,0,0,0,0,
1,,28,canzone,ABAB CCbCCb,,11,"Lo vostro insegnamento, e dond'è miso?",0,1,0,0,0,1,0,1,0,1,
1,,29,canzone,ABAB CCbCCb,,11,"E lo tuo franco cor, chi mi l'à priso,",0,0,0,1,0,1,1,0,0,1,
1,,30,canzone,ABAB CCbCCb,,5,madonna mia?,0,1,0,1,0,0,0,0,0,0,
1,,31,canzone,ABAB CCbCCb,,11,"Ov'è madonna e lo suo insegnamento,",0,1,0,1,0,0,1,0,0,1,
1,,32,canzone,ABAB CCbCCb,,11,"la sua bellezza e la gran canoscianza,",0,0,0,1,0,0,1,0,0,1,
1,,33,canzone,ABAB CCbCCb,,11,"lo dolze riso e lo bel parlamento,",0,1,0,1,0,0,1,0,0,1,
1,,34,canzone,ABAB CCbCCb,,11,"gli ochi e la boca e la bella sembianza,",1,0,0,1,0,0,1,0,0,1,
1,,35,canzone,ABAB CCbCCb,,11,lo adornamento e la sua cortesia?,0,0,0,1,0,0,1,0,0,1,
1,,36,canzone,ABAB CCbCCb,,11,Madonna per cui stava tutavia,0,1,0,0,0,1,0,0,0,1,
1,,37,canzone,ABAB CCbCCb,,5,"in alegranza,",0,0,0,1,0,0,0,0,0,0,
1,,38,canzone,ABAB CCbCCb,,11,"or no la veggio, né notte né dia,",1,0,0,1,0,0,1,0,0,1,
1,,39,canzone,ABAB CCbCCb,,11,e non m'abella sì com' far solia,0,0,0,1,0,1,0,1,0,1,
1,,40,canzone,ABAB CCbCCb,,5,in sua sembianza.,0,0,0,1,0,0,0,0,0,0,
1,,41,canzone,ABAB CCbCCb,,11,"Se fosse mio 'l reame d'Ungaria,",0,1,0,1,0,1,0,0,0,1,
1,,42,canzone,ABAB CCbCCb,,11,"con Greza e Lamagna infino in Franza,",0,1,0,0,0,1,0,1,0,1,
1,,43,canzone,ABAB CCbCCb,,11,"lo gran tesoro di Santa Sofia,",0,0,0,1,0,0,1,0,0,1,
1,,44,canzone,ABAB CCbCCb,,11,non poria ristorar sì gran perdanza,0,0,1,0,0,1,0,1,0,1,
1,,45,canzone,ABAB CCbCCb,,11,come fui 'n quella dia che si n'andao:,0,0,1,0,0,1,0,0,0,1,
1,,46,canzone,ABAB CCbCCb,,11,madonna d'esta vita trapassao,0,1,0,1,0,1,0,0,0,1,
1,,47,canzone,ABAB CCbCCb,,5,"con gran tristanza,",0,0,0,1,0,0,0,0,0,0,
1,,48,canzone,ABAB CCbCCb,,11,sospiri e pene e pianti mi lasciao,0,1,0,1,0,1,0,0,0,1,
1,,49,canzone,ABAB CCbCCb,,11,e già mai nulla gioia mi mandao,0,0,1,0,0,1,0,0,0,1,
1,,50,canzone,ABAB CCbCCb,,5,per confortanza.,0,0,0,1,0,0,0,0,0,0,
1,,51,canzone,ABAB CCbCCb,,11,"Se fosse al meo voler, donna, di voi",0,1,0,0,0,1,1,0,0,1,
1,,52,canzone,ABAB CCbCCb,,11,dicesse a Dio sovran che tuto face,0,1,0,1,0,1,0,1,0,1,
1,,53,canzone,ABAB CCbCCb,,11,che giorno e notte istessimo ambonduoi;,0,1,0,1,0,1,0,0,0,1,
1,,54,canzone,ABAB CCbCCb,,11,"or sia il voler di Dio, da ch'a llui piace.",0,1,0,1,0,1,0,0,1,1,
1,,55,canzone,ABAB CCbCCb,,11,"Membro e ricordo quand'era comeco,",1,0,0,1,0,0,1,0,0,1,
1,,56,canzone,ABAB CCbCCb,,11,"sovente m'apellava: «Dolze amico»,",0,1,0,0,0,1,0,1,0,1,
1,,57,canzone,ABAB CCbCCb,,5,ed or nol face;,0,1,0,1,0,0,0,0,0,0,
1,,58,canzone,ABAB CCbCCb,,11,"poi Dio la prese e menolla conseco,",0,1,0,1,0,0,1,0,0,1,
1,,59,canzone,ABAB CCbCCb,,11,"la sua vertute sia, bella, conteco,",0,0,0,1,0,1,1,0,0,1,
1,,60,canzone,ABAB CCbCCb,,5,e la sua pace.,0,0,0,1,0,0,0,0,0,0,
2,,1,canzone,abab cd(d)Cd(d)C,,8,Tutor la dolze speranza,0,1,0,1,0,0,1,0,0,0,
2,,2,canzone,abab cd(d)Cd(d)C,,8,"di voi, donna, mi conforta,",0,1,1,0,0,0,1,0,0,0,
2,,3,canzone,abab cd(d)Cd(d)C,,8,membrando la tua sembianza,0,1,0,0,1,0,1,0,0,0,
2,,4,canzone,abab cd(d)Cd(d)C,,8,tant'è la gioia che mi porta,0,1,0,1,0,0,1,0,0,0,
2,,5,canzone,abab cd(d)Cd(d)C,,10?,"che nulla pena mi par sofrire,",0,1,0,1,0,0,1,0,1,0,
2,,6,canzone,abab cd(d)Cd(d)C,,7,cotant'è lo dolzore,0,0,1,0,0,1,0,0,0,0,
2,,7,canzone,abab cd(d)Cd(d)C,,4+7,ca tutore - lo cor mi fa sbaldire.,0,0,1,0,0,1,0,0,0,1,
2,,8,canzone,abab cd(d)Cd(d)C,,7,"Non pensai, dolze amore,",0,0,1,1,0,1,0,0,0,0,
2,,9,canzone,abab cd(d)Cd(d)C,,4+7,ca nullore - dove' da me partire.,0,0,1,0,0,1,0,1,0,1,
2,,10,canzone,abab cd(d)Cd(d)C,,8,"Donna dolce e piagente,",1,0,1,0,0,0,1,0,0,0,
2,,11,canzone,abab cd(d)Cd(d)C,,8,la vostra gran canoscenza,0,1,0,1,0,0,1,0,0,0,
2,,12,canzone,abab cd(d)Cd(d)C,,8,non falli sì grevemente,0,1,0,1,0,0,1,0,0,0,
2,,13,canzone,abab cd(d)Cd(d)C,,8,ch'abassi vostra valenza:,0,1,0,1,0,0,1,0,0,0,
2,,14,canzone,abab cd(d)Cd(d)C,,10?,s'abandonassi ciò ch'ài conquiso,0,0,0,1,0,1,0,0,1,0,
2,,15,canzone,abab cd(d)Cd(d)C,,7,perderia lo gran presio,0,0,1,0,0,1,0,0,0,0,
2,,16,canzone,abab cd(d)Cd(d)C,,4+7,CROCE el dispregio - vostro è miso,0,0,0,0,0,0,0,0,0,0,
2,,17,canzone,abab cd(d)Cd(d)C,,7,posto donna in tuto disio,0,0,0,0,0,0,0,0,0,0,IPERMETRO
2,,18,canzone,abab cd(d)Cd(d)C,,4+7,sì alt'amore disceso +.,0,0,0,0,0,0,0,0,0,0,
2,,19,canzone,abab cd(d)Cd(d)C,,8,"Oi bella dolzetta mia,",0,1,0,0,1,0,1,0,0,0,
2,,20,canzone,abab cd(d)Cd(d)C,,8,non far sì gran fallimento,0,1,0,1,0,0,1,0,0,0,
2,,21,canzone,abab cd(d)Cd(d)C,,8,"di credere a gente ria,",0,1,0,0,1,0,1,0,0,0,
2,,22,canzone,abab cd(d)Cd(d)C,,8,de lor falso parlamento.,0,0,1,0,0,0,1,0,0,0,
2,,23,canzone,abab cd(d)Cd(d)C,,10?,Le lor parole son viva lanza,0,0,0,1,0,0,1,0,1,0,
2,,24,canzone,abab cd(d)Cd(d)C,,7,che lli cor van pungendo,0,0,1,0,0,1,0,0,0,0,
2,,25,canzone,abab cd(d)Cd(d)C,,4+7,"e dicendo, - per mala indivinanza.",0,0,1,0,0,1,0,0,0,1,
2,,26,canzone,abab cd(d)Cd(d)C,,7,"Donna, merzé, ch'io 'ncendo",1,0,0,1,0,1,0,0,0,0,
2,,27,canzone,abab cd(d)Cd(d)C,,3+8,veggendo - partire sì dolze amanza.,0,1,0,0,1,0,0,1,0,1,
2,,28,canzone,abab cd(d)Cd(d)C,,8,"Donna, se non vuoli intendre,",1,0,0,0,1,0,1,0,0,0,
2,,29,canzone,abab cd(d)Cd(d)C,,8,ver me non far sì gran faglia:,0,1,0,1,0,0,1,0,0,0,
2,,30,canzone,abab cd(d)Cd(d)C,,8,"lo mio cor mi deggie rendre,",0,0,1,0,1,0,1,0,0,0,
2,,31,canzone,abab cd(d)Cd(d)C,,8,ch'è distretto in vostra baglia;,0,0,1,0,1,0,1,0,0,0,
2,,32,canzone,abab cd(d)Cd(d)C,,10?,che gran perdanza di me saria,0,0,0,1,0,0,1,0,1,0,
2,,33,canzone,abab cd(d)Cd(d)C,,7,"perder lo core e voi,",1,0,0,1,0,1,0,0,0,0,
2,,34,canzone,abab cd(d)Cd(d)C,,4+7,"abendui; - bella, per voi non sia:",0,0,1,0,1,0,0,1,0,1,
2,,35,canzone,abab cd(d)Cd(d)C,,7,lo dolce amor che fui,0,1,0,1,0,1,0,0,0,0,
2,,36,canzone,abab cd(d)Cd(d)C,,5+6,"infra noi dui - non falli, dona mia.",1,0,0,1,0,1,0,1,0,1,
2,,37,canzone,abab cd(d)Cd(d)C,,8,"Donna, se 'nver' me falzassi",1,0,0,0,1,0,1,0,0,0,
2,,38,canzone,abab cd(d)Cd(d)C,,8,be· llo saccio tanto fino,0,0,1,0,1,0,1,0,0,0,
2,,39,canzone,abab cd(d)Cd(d)C,,8,che 'l vostro amor si n'abassi;,0,1,0,1,0,0,1,0,0,0,
2,,40,canzone,abab cd(d)Cd(d)C,,8,di voi diria Giacomino,0,1,0,1,0,0,1,0,0,0,
2,,41,canzone,abab cd(d)Cd(d)C,,10?,che vostra usanza sia spessamente,0,1,0,1,0,1,0,0,1,0,
2,,42,canzone,abab cd(d)Cd(d)C,,7,"che t'infinga d'amare,",0,0,1,0,0,1,0,0,0,0,
2,,43,canzone,abab cd(d)Cd(d)C,,3+8,poi pare - a noi trezeria parvente.,0,1,0,0,1,0,0,1,0,1,
2,,44,canzone,abab cd(d)Cd(d)C,,7,"Donna, merzé, non fare:",1,0,0,1,0,1,0,0,0,0,
2,,45,canzone,abab cd(d)Cd(d)C,,4+7,in fallare - non aggie cor né mente.,0,0,1,0,0,1,0,1,0,1,
3,,1,discordo,,,,"Donna, per vostro amore",1,0,0,1,0,1,0,0,0,0,
3,,2,discordo,,,,[…] trovo,0,0,0,0,0,0,0,0,0,0,
3,,3,discordo,,,,e rinovo,0,0,1,0,0,0,0,0,0,0,
3,,4,discordo,,,,"mi' coraggio,",0,0,1,0,0,0,0,0,0,0,
3,,5,discordo,,,,che tant'aggio,0,0,1,0,0,0,0,0,0,0,
3,,6,discordo,,,,dimorato,0,0,1,0,0,0,0,0,0,0,
3,,7,discordo,,,,"e dottato,",0,0,1,0,0,0,0,0,0,0,
3,,8,discordo,,,,istato muto,0,1,0,1,0,0,0,0,0,0,
3,,9,discordo,,,,"e ritenuto,",0,0,0,1,0,0,0,0,0,0,
3,,10,discordo,,,,per biasimo e per paura,0,1,0,0,0,1,0,0,0,0,
3,,11,discordo,,,,"de la gente,",0,0,1,0,0,0,0,0,0,0,
3,,12,discordo,,,,già neiente,0,0,1,0,0,0,0,0,0,0,
3,,13,discordo,,,,non mi lasso,0,0,1,0,0,0,0,0,0,0,
3,,14,discordo,,,,e non casso,0,0,1,0,0,0,0,0,0,0,
3,,15,discordo,,,,"li miei versi,",0,0,1,0,0,0,0,0,0,0,
3,,16,discordo,,,,li diversi,0,0,1,0,0,0,0,0,0,0,
3,,17,discordo,,,,rime dire:,1,0,1,0,0,0,0,0,0,0,
3,,18,discordo,,,,voglio avere,1,0,1,0,0,0,0,0,0,0,
3,,19,discordo,,,,"consolanza,",0,0,1,0,0,0,0,0,0,0,
3,,20,discordo,,,,"in allegranza,",0,0,0,1,0,0,0,0,0,0,
3,,21,discordo,,,,istando fori di rancura.,0,1,0,1,0,0,1,0,0,0,
3,,22,discordo,,,,"Ben m'è fuori di pena,",1,0,1,0,0,1,0,0,0,0,
3,,23,discordo,,,,oi aulente lena:,0,0,1,0,1,0,0,0,0,0,
3,,24,discordo,,,,poi m'avete,0,0,1,0,0,0,0,0,0,0,
3,,25,discordo,,,,or mi tenete.,1,0,0,1,0,0,0,0,0,0,
3,,26,discordo,,,,S'i' ò solazzo,1,0,0,1,0,0,0,0,0,0,
3,,27,discordo,,,,versi fazzo,1,0,1,0,0,0,0,0,0,0,
3,,28,discordo,,,,"per voi, bionda",0,1,1,0,0,0,0,0,0,0,
3,,29,discordo,,,,"ochi giuconda,",1,0,0,1,0,0,0,0,0,0,
3,,30,discordo,,,,che m'avete priso.,0,0,1,0,1,0,0,0,0,0,
3,,31,discordo,,,,Or m'abrazza,0,0,1,0,0,0,0,0,0,0,
3,,32,discordo,,,,"a le tue brazza,",0,0,0,1,0,0,0,0,0,0,
3,,33,discordo,,,,"amorosa,",0,0,1,0,0,0,0,0,0,0,
3,,34,discordo,,,,"dubitosa,",0,0,1,0,0,0,0,0,0,0,
3,,35,discordo,,,,co lo dolze riso,0,0,1,0,1,0,0,0,0,0,
3,,36,discordo,,,,conquiso,0,1,0,0,0,0,0,0,0,0,
3,,37,discordo,,,,"m'avete, fin amore,",0,1,0,1,0,1,0,0,0,0,
3,,38,discordo,,,11,vostro sono leale servidore;,1,0,1,0,0,1,0,0,0,1,
3,,39,discordo,,,11,"voi siete la mia donna, a tutore,",0,1,0,0,0,1,0,0,0,1,
3,,40,discordo,,,11,"aulente rosa col fresco colore,",0,1,0,1,0,0,1,0,0,1,
3,,41,discordo,,,11,che 'nfra l'altre ben mi pare la fiore.,0,0,1,0,0,0,1,0,0,1,
3,,42,discordo,,,,Di bellezze,0,0,1,0,0,0,0,0,0,0,
3,,43,discordo,,,,e d'adornezze,0,0,0,1,0,0,0,0,0,0,
3,,44,discordo,,,,e di bello portamento,0,0,1,0,0,0,1,0,0,0,
3,,45,discordo,,,,vostra para non ò trovata,1,0,1,0,0,1,0,1,0,0,
3,,46,discordo,,,,donna nata;,1,0,1,0,0,0,0,0,0,0,
3,,47,discordo,,,,però a voi m'apresento.,0,0,1,0,0,1,0,0,0,0,
3,,48,discordo,,,,A tale convento,0,1,0,0,1,0,0,0,0,0,
3,,49,discordo,,,,isto caribo,1,0,0,1,0,0,0,0,0,0,
3,,50,discordo,,,,ben distribo;,0,0,1,0,0,0,0,0,0,0,
3,,51,discordo,,,,de le maldicente,0,0,0,0,1,0,0,0,0,0,
3,,52,discordo,,,,bon'ò talento:,0,1,0,1,0,0,0,0,0,0,
3,,53,discordo,,,,lo stormento,0,0,1,0,0,0,0,0,0,0,
3,,54,discordo,,,,vo sonando,0,0,1,0,0,0,0,0,0,0,
3,,55,discordo,,,,"e cantando,",0,0,1,0,0,0,0,0,0,0,
3,,56,discordo,,,,blondetta piagente.,0,1,0,0,1,0,0,0,0,0,
3,,57,discordo,,,,"Voi siete mia spera,",0,1,0,0,1,0,0,0,0,0,
3,,58,discordo,,,,"dolce cera,",1,0,1,0,0,0,0,0,0,0,
3,,59,discordo,,,,sì perera,1,0,1,0,0,0,0,0,0,0,
3,,60,discordo,,,,se non fosse lo conforto,0,0,1,0,0,0,1,0,0,0,
3,,61,discordo,,,,che mi donaste in diporto;,0,0,0,1,0,0,1,0,0,0,
3,,62,discordo,,,,"che mi disperera,",0,0,0,0,1,0,0,0,0,0,
3,,63,discordo,,,,mal vedera,0,0,1,0,0,0,0,0,0,0,
3,,64,discordo,,,,"si guerera,",0,0,1,0,0,0,0,0,0,0,
3,,65,discordo,,,,"ma voi siete la fiore de l'orto,",0,0,1,0,0,1,0,0,1,0,
3,,66,discordo,,,,"per li mai parlieri, a torto.",0,0,1,0,1,0,1,0,0,0,
3,,67,discordo,,,,"Rosa fresca,",1,0,1,0,0,0,0,0,0,0,
3,,68,discordo,,,,non t'incresca,0,0,1,0,0,0,0,0,0,0,
3,,69,discordo,,,,sed io canto ed ispello,0,0,1,0,0,1,0,0,0,0,
3,,70,discordo,,,,"per vostro amore,",0,1,0,1,0,0,0,0,0,0,
3,,71,discordo,,,,a tutore,0,0,1,0,0,0,0,0,0,0,
3,,72,discordo,,,,sono novello:,1,0,0,1,0,0,0,0,0,0,
3,,73,discordo,,,,"mentre vivo, a voi non son rubello.",1,0,1,0,1,0,0,0,1,0,
3,,74,discordo,,,,La feruta,0,0,1,0,0,0,0,0,0,0,
3,,75,discordo,,,,non si muta,0,0,1,0,0,0,0,0,0,0,
3,,76,discordo,,,,"de' vostri sguardi,",0,1,0,1,0,0,0,0,0,0,
3,,77,discordo,,,,ancora gli mi mandate tardi:,0,1,0,0,0,0,1,0,1,0,
3,,78,discordo,,,11,passano balestrieri turchi e sardi.,1,0,0,0,0,1,0,1,0,1,
3,,79,discordo,,,,Sì m'ànno feruto i vostri sguardi,1,1,0,0,1,0,1,0,1,0,
3,,80,discordo,,,,tuto 'ncendo,1,0,1,0,0,0,0,0,0,0,
3,,81,discordo,,,,pur veggendo:,0,0,1,0,0,0,0,0,0,0,
3,,82,discordo,,,,"fina donna, a voi m'arendo.",1,0,1,0,1,0,1,0,0,0,
3,,83,discordo,,,,"Rendomi in vostra balia,",1,0,0,1,0,0,1,0,0,0,
3,,84,discordo,,,,"voi siete la donna mia,",0,1,0,0,1,0,1,0,0,0,
3,,85,discordo,,,,fontana di cortesia,0,1,0,0,0,0,1,0,0,0,
3,,86,discordo,,,,per cui tute gioe s'invia.,0,1,0,0,1,0,1,0,0,0,
3,,87,discordo,,,,Reina sè d'adornezze,0,1,0,1,0,0,1,0,0,0,
3,,88,discordo,,,,"e donna sè d'insegnamento,",0,1,0,1,0,0,0,1,0,0,
3,,89,discordo,,,,messa m'à in ismagamento,1,0,1,0,0,0,1,0,0,0,
3,,90,discordo,,,,la vostra bellezze:,0,1,0,0,1,0,0,0,0,0,
3,,91,discordo,,,,"chiarita in viso, più ch'argento,",0,1,0,1,0,0,0,1,0,0,
3,,92,discordo,,,,donami allegrezze.,1,0,0,0,1,0,0,0,0,0,
3,,93,discordo,,,,Bene sono morto,1,0,1,0,1,0,0,0,0,0,
3,,94,discordo,,,,"e male colto,",0,1,0,1,0,0,0,0,0,0,
3,,95,discordo,,,,"se a me non date sconforto,",0,1,0,1,0,0,1,0,0,0,
3,,96,discordo,,,,fiore de l'orto.,1,0,0,1,0,0,0,0,0,0,
4,,1,canzone,abab CCB,,10,Lontano amor mi manda sospiri,0,1,0,1,0,1,0,0,1,0,
4,,2,canzone,abab CCB,,10,"merzé cherendo inver' l'amorosa,",0,1,0,1,0,1,0,0,1,0,
4,,3,canzone,abab CCB,,10,che falso non mi deggia tenere,0,1,0,0,0,1,0,0,1,0,
4,,4,canzone,abab CCB,,10,che falsitate già non m'acusa:,0,0,0,1,0,1,0,0,1,0,
4,,5,canzone,abab CCB,,11,"non ch'io fallasse lo suo fino amore,",0,1,0,1,0,0,0,1,0,1,
4,,6,canzone,abab CCB,,11,con gioia si dipartisse lo mio core,0,1,0,0,0,1,0,0,0,1,
4,,7,canzone,abab CCB,,11,"per altra donna, ond'ella sia pensosa.",0,1,0,1,0,1,0,0,0,1,
4,,8,canzone,abab CCB,,10,Di ciò s'inganna s'ell'à sospetto,0,1,0,1,0,1,0,0,1,0,
4,,9,canzone,abab CCB,,10,"ca piacimento d'altra mi sia,",0,0,0,1,0,1,0,0,1,0,
4,,10,canzone,abab CCB,,10,che 'n altra donna già non diletto,0,1,0,1,0,1,0,0,1,0,
4,,11,canzone,abab CCB,,10,se nonn in voi che siete gioia mia;,0,0,0,1,0,1,0,1,1,0,
4,,12,canzone,abab CCB,,11,"vista né riso d'altra non m'agenza,",1,0,0,1,0,1,0,0,0,1,
4,,13,canzone,abab CCB,,11,anzi mi tegno in forte penitenza,1,0,0,1,0,1,0,0,0,1,
4,,14,canzone,abab CCB,,11,i be' sembianti ch'altra mi facea.,0,0,0,1,0,1,0,0,0,1,
4,,15,canzone,abab CCB,,10,Se m'intendesse a non crucïare,0,0,0,1,0,0,0,0,1,0,
4,,16,canzone,abab CCB,,10,lo mio diritto senza cascione,0,0,0,1,0,1,0,0,1,0,
4,,17,canzone,abab CCB,,10,inanzi voglio ben confessare,0,1,0,1,0,1,0,0,1,0,
4,,18,canzone,abab CCB,,10,ch'aggia torto de la mia rascione;,0,0,1,0,0,0,1,0,1,0,
4,,19,canzone,abab CCB,,11,"ma ffaccia che le chiace, ch'io m'arendo",0,1,0,0,0,1,0,1,0,1,
4,,20,canzone,abab CCB,,11,"a sua merzé, colpa non mi difendo",0,0,0,1,1,0,0,0,0,1,
4,,21,canzone,abab CCB,,11,e 'nver' l'amore non fo difensione.,0,1,0,1,0,0,1,0,0,1,
4,,22,canzone,abab CCB,,10,Se la mia donna ben si pensasse,0,0,0,1,0,1,0,0,1,0,
4,,23,canzone,abab CCB,,10,ch'io son più ardente de la sua amanza!,1,0,0,1,0,0,0,0,1,0,
4,,24,canzone,abab CCB,,10,"Ch'ella si pensa ch'io la fallasse,",1,0,0,1,0,1,0,0,1,0,
4,,25,canzone,abab CCB,,10,che m'à donato sì gra· leanza;,0,0,0,1,0,0,1,0,1,0,
4,,26,canzone,abab CCB,,11,"de lo suo amore, che m'à radopiato,",0,0,0,1,0,0,1,0,0,1,
4,,27,canzone,abab CCB,,11,ch'ella si pensi ch'io non sia vietato,1,0,0,1,0,1,0,0,0,1,
4,,28,canzone,abab CCB,,11,lo cor m'incende di grande adiranza.,0,1,0,1,0,0,1,0,0,1,
4,,29,canzone,abab CCB,,10,"Canzonetta, và a quella ch'è dea,",0,0,1,0,1,1,0,0,1,0,
4,,30,canzone,abab CCB,,10,"che l'altre donne tene in dimino,",0,1,0,1,0,1,0,0,1,0,
4,,31,canzone,abab CCB,,10,"da Lamagna infino in Agulea,",0,0,1,0,1,0,0,0,1,0,
4,,32,canzone,abab CCB,,10,di quello regno che è più fino,0,1,0,1,0,0,1,0,1,0,
4,,33,canzone,abab CCB,,11,"degli altri regni (a!, Deo, quanto mi piace!):",0,1,0,1,0,1,1,0,0,1,
4,,34,canzone,abab CCB,,11,in dolze terra dimoranza face,0,1,0,1,0,0,0,1,0,1,
4,,35,canzone,abab CCB,,11,madonna ch'a lo fiore sta vicino.,0,1,0,0,0,1,0,0,0,1,
5,,1,canzone,abab cdcde,,8,"«Donna, di voi mi lamento,",1,0,0,1,0,0,1,0,0,0,
5,,2,canzone,abab cdcde,,8,"bella, di voi mi richiamo",1,0,0,1,0,0,1,0,0,0,
5,,3,canzone,abab cdcde,,8,di sì grande fallimento:,0,0,1,0,0,0,1,0,0,0,
5,,4,canzone,abab cdcde,,8,donastemi auro co· ramo.,0,1,0,1,0,0,1,0,0,0,
5,,5,canzone,abab cdcde,,8,Vostro amor pensai tenere,1,0,1,0,1,0,1,0,0,0,
5,,6,canzone,abab cdcde,,8,"fermo, senza sospecione;",1,0,1,0,0,0,1,0,0,0,
5,,7,canzone,abab cdcde,,8,or m'asembra altro volere,0,0,1,1,0,0,1,0,0,0,
5,,8,canzone,abab cdcde,,8,"e truovolo in falsa cascione,",1,0,0,1,0,0,1,0,0,0,
5,,9,canzone,abab cdcde,,3,amore.»,0,1,0,0,0,0,0,0,0,0,
5,,10,canzone,abab cdcde,,8,"«Meo sir, se tu ti lamenti",0,1,0,1,0,0,1,0,0,0,
5,,11,canzone,abab cdcde,,8,non ài dritto né ragione:,0,0,1,0,0,0,1,0,0,0,
5,,12,canzone,abab cdcde,,8,per te sono in gran tormenti;,0,1,1,0,0,0,1,0,0,0,
5,,13,canzone,abab cdcde,,8,dovresti guardar stagione:,0,1,0,0,1,0,1,0,0,0,
5,,14,canzone,abab cdcde,,8,ancor ti sforzi la voglia,0,1,0,1,0,0,1,0,0,0,
5,,15,canzone,abab cdcde,,8,"d'amore e la gelosia,",0,1,0,0,0,0,1,0,0,0,
5,,16,canzone,abab cdcde,,8,"con senno porta la doglia,",0,1,0,1,0,0,1,0,0,0,
5,,17,canzone,abab cdcde,,8,"non perder, per tua folia,",0,1,0,0,1,0,1,0,0,0,
5,,18,canzone,abab cdcde,,3,amore.»,0,1,0,0,0,0,0,0,0,0,
5,,19,canzone,abab cdcde,,8,"«Madonna, s'io pene porto",0,1,0,1,1,0,1,0,0,0,
5,,20,canzone,abab cdcde,,8,a voi non scresce baldanza:,0,1,0,1,0,0,1,0,0,0,
5,,21,canzone,abab cdcde,,8,di voi non aggio sconforto,0,1,0,1,0,0,1,0,0,0,
5,,22,canzone,abab cdcde,,8,"e fals'è la tua leanza,",0,0,1,0,0,0,1,0,0,0,
5,,23,canzone,abab cdcde,,8,quella che voi mi mostraste,1,0,0,1,0,0,1,0,0,0,
5,,24,canzone,abab cdcde,,8,là ov'avea tre persone,1,0,0,1,0,0,1,0,0,0,
5,,25,canzone,abab cdcde,,8,la sera che mi seraste,0,1,0,0,0,0,1,0,0,0,
5,,26,canzone,abab cdcde,,8,"in vostra dolze pregione,",0,1,0,1,0,0,1,0,0,0,
5,,27,canzone,abab cdcde,,3,amore.»,0,1,0,0,0,0,0,0,0,0,
5,,28,canzone,abab cdcde,,8,"«Meo sir, se tu ti compiangi",0,1,0,1,0,0,1,0,0,0,
5,,29,canzone,abab cdcde,,8,ed io mi sento la doglia,0,1,0,1,0,0,1,0,0,0,
5,,30,canzone,abab cdcde,,8,"lo nostro amor falsi e cangi,",0,1,0,1,1,0,1,0,0,0,
5,,31,canzone,abab cdcde,,8,ancor che mostri tua voglia;,0,1,0,1,0,0,1,0,0,0,
5,,32,canzone,abab cdcde,,8,non sai chi per te mi tegna?,0,1,0,0,1,0,1,0,0,0,
5,,33,canzone,abab cdcde,,8,Di voi onde sono smaruta:,0,1,0,1,0,0,1,0,0,0,
5,,34,canzone,abab cdcde,,8,tu mi falsi di convegna,0,0,1,0,0,0,1,0,0,0,
5,,35,canzone,abab cdcde,,8,"e morta m'à la partuta,",0,1,0,1,0,0,1,0,0,0,
5,,36,canzone,abab cdcde,,3,amore.»,0,1,0,0,0,0,0,0,0,0,
5,,37,canzone,abab cdcde,,8,"«Donna, non ti pesa fare",1,0,0,0,1,0,1,0,0,0,
5,,38,canzone,abab cdcde,,8,fallimento o villania,0,0,1,0,0,0,1,0,0,0,
5,,39,canzone,abab cdcde,,8,quando mi vedi passare,1,0,0,1,0,0,1,0,0,0,
5,,40,canzone,abab cdcde,,8,sospirando per la via?,0,0,1,0,0,0,1,0,0,0,
5,,41,canzone,abab cdcde,,8,"Asconditi per mostranza,",0,1,0,0,0,0,1,0,0,0,
5,,42,canzone,abab cdcde,,8,tuta gente ti rampogna;,1,0,1,0,0,0,1,0,0,0,
5,,43,canzone,abab cdcde,,8,a voi ne torna bassanza,0,1,0,1,0,0,1,0,0,0,
5,,44,canzone,abab cdcde,,8,"e a me ne cresce vergogna,",0,1,0,1,0,0,1,0,0,0,
5,,45,canzone,abab cdcde,,3,amore.»,0,1,0,0,0,0,0,0,0,0,
5,,46,canzone,abab cdcde,,8,"«Meo sir, a forza m'aviene",0,1,0,1,0,0,1,0,0,0,
5,,47,canzone,abab cdcde,,8,ch'io m'apiatti od asconda,1,0,1,0,0,0,1,0,0,0,
5,,48,canzone,abab cdcde,,8,ca ssì distretto mi tene,0,0,0,1,0,0,1,0,0,0,
5,,49,canzone,abab cdcde,,8,quelli che Cristo confonda!,1,0,0,1,0,0,1,0,0,0,
5,,50,canzone,abab cdcde,,8,"Non m'auso fare a la porta,",0,1,0,1,0,0,1,0,0,0,
5,,51,canzone,abab cdcde,,8,"nd'io son confusa, in fidanza,",1,0,0,1,0,0,1,0,0,0,
5,,52,canzone,abab cdcde,,8,ed io mi giudico morta,0,1,0,1,0,0,1,0,0,0,
5,,53,canzone,abab cdcde,,8,"tu nonn ài nulla pietanza,",1,0,0,1,0,0,1,0,0,0,
5,,54,canzone,abab cdcde,,3,amore.»,0,1,0,0,0,0,0,0,0,0,
5,,55,canzone,abab cdcde,,8,"«Madonna, nonn ò pietanza",0,1,0,0,1,0,1,0,0,0,
5,,56,canzone,abab cdcde,,8,di voi che troppo m'incanni:,0,1,0,1,0,0,1,0,0,0,
5,,57,canzone,abab cdcde,,8,sempre vivi inn allegranza,1,0,1,0,0,0,1,0,0,0,
5,,58,canzone,abab cdcde,,8,e ti dilletti in mie' danni;,0,0,0,1,0,0,1,0,0,0,
5,,59,canzone,abab cdcde,,8,l'amor nonn à inver' voi forza,0,1,0,1,0,1,1,0,0,0,
5,,60,canzone,abab cdcde,,8,"perché tu non ài fermaggio,",0,0,1,0,0,0,1,0,0,0,
5,,61,canzone,abab cdcde,,8,d'amore nonn ài se non scorza,0,0,0,0,0,0,0,0,0,0,IPERMETRO
5,,62,canzone,abab cdcde,,8,"ond'io di voi sono salvaggio,",0,0,0,0,0,0,0,0,0,0,IPERMETRO
5,,63,canzone,abab cdcde,,3,amore.»,0,1,0,0,0,0,0,0,0,0,
5,,64,canzone,abab cdcde,,8,"«Meo sir, se ti lamenti a me,",0,1,0,0,0,1,1,0,0,0,
5,,65,canzone,abab cdcde,,8,tu ti 'nde prendi ragione,1,0,0,1,0,0,1,0,0,0,
5,,66,canzone,abab cdcde,,8,ch'io vegno là ove mi chiame,0,1,0,1,0,0,1,0,0,0,
5,,67,canzone,abab cdcde,,8,e no 'nde guardo persone;,0,0,0,1,0,0,1,0,0,0,
5,,68,canzone,abab cdcde,,8,poi che m'ài al tuo dimino,0,0,1,0,0,0,1,0,0,0,
5,,69,canzone,abab cdcde,,8,piglia di me tal vengianza,1,0,0,1,0,0,1,0,0,0,
5,,70,canzone,abab cdcde,,8,che lo libro di Giacomino,0,0,0,0,0,0,0,0,0,0,IPERMETRO
5,,71,canzone,abab cdcde,,8,"lo dica per rimembranza,",0,1,0,0,0,0,1,0,0,0,
5,,72,canzone,abab cdcde,,3,amore.»,0,1,0,0,0,0,0,0,0,0,
5,,73,canzone,abab cdcde,,8,"«Madonna, in vostra intendenza",0,1,0,1,0,0,1,0,0,0,
5,,74,canzone,abab cdcde,,8,"nente mi posso fidare,",1,0,0,1,0,0,1,0,0,0,
5,,75,canzone,abab cdcde,,8,che molte fiate in perdenza,0,1,0,1,0,0,1,0,0,0,
5,,76,canzone,abab cdcde,,8,trovomi di voi amare;,0,1,0,0,1,0,1,0,0,0,
5,,77,canzone,abab cdcde,,8,ma s'eo sapesse in certanza,0,1,0,1,0,0,1,0,0,0,
5,,78,canzone,abab cdcde,,8,eser da voi meritato,1,0,0,1,0,0,1,0,0,0,
5,,79,canzone,abab cdcde,,8,non averei rimembranza,0,0,0,1,0,0,1,0,0,0,
5,,80,canzone,abab cdcde,,8,"di nesun fallo pasato,",0,0,0,1,0,0,1,0,0,0,
5,,81,canzone,abab cdcde,,3,amore.»,0,1,0,0,0,0,0,0,0,0,
6,,1,canzone,abab cddc,,8,La dolce cera piasente,0,1,0,1,0,0,1,0,0,0,
6,,2,canzone,abab cddc,,8,e li amorosi sembianti,0,0,0,1,0,0,1,0,0,0,
6,,3,canzone,abab cddc,,8,lo cor m'allegra e la mente,0,1,0,1,0,0,1,0,0,0,
6,,4,canzone,abab cddc,,8,quando le sono davanti.,1,0,0,1,0,0,1,0,0,0,
6,,5,canzone,abab cddc,,8,Sì volentieri la veio,1,0,0,1,0,0,1,0,0,0,
6,,6,canzone,abab cddc,,8,"quella cui ëo amai,",1,0,0,1,0,0,1,0,0,0,
6,,7,canzone,abab cddc,,8,la bocca ch'ëo basai,0,1,0,1,0,0,1,0,0,0,
6,,8,canzone,abab cddc,,8,ancor l'aspetto e disio.,0,1,0,1,0,0,1,0,0,0,
6,,9,canzone,abab cddc,,8,L'aulente bocca e le menne,0,1,0,1,0,0,1,0,0,0,
6,,10,canzone,abab cddc,,8,"de lo petto le toccai,",0,0,1,0,0,0,1,0,0,0,
6,,11,canzone,abab cddc,,8,a le mie bracia la tenne;,0,0,0,1,0,0,1,0,0,0,
6,,12,canzone,abab cddc,,8,basando m'adomandai:,0,1,0,0,0,0,1,0,0,0,
6,,13,canzone,abab cddc,,8,"«Messere, se ve n'ate a gire,",0,0,0,0,0,0,0,0,0,0,IPERMETRO
6,,14,canzone,abab cddc,,8,"non faciate adimoranza,",0,0,1,0,0,0,1,0,0,0,
6,,15,canzone,abab cddc,,8,che non è bona usanza,0,0,1,1,0,0,1,0,0,0,
6,,16,canzone,abab cddc,,8,lassar l'amore e partire.»,0,1,0,1,0,0,1,0,0,0,
6,,17,canzone,abab cddc,,8,Alotta ch'eo mi partivi,0,1,0,1,0,0,1,0,0,0,
6,,18,canzone,abab cddc,,8,"e dissi: «A Deo v'acomando!»,",0,1,0,1,0,0,1,0,0,0,
6,,19,canzone,abab cddc,,8,la bella guardò inver' mevi,0,1,0,0,1,0,1,0,0,0,
6,,20,canzone,abab cddc,,8,sospirando e lagrimando.,0,0,1,0,0,0,1,0,0,0,
6,,21,canzone,abab cddc,,8,Tant'erano li sospiri,0,1,0,0,0,0,1,0,0,0,
6,,22,canzone,abab cddc,,8,ch'a pena mi rispondea,0,1,0,0,0,0,1,0,0,0,
6,,23,canzone,abab cddc,,8,e la dolce donna mia,0,0,1,0,1,0,1,0,0,0,
6,,24,canzone,abab cddc,,8,non mi lassava partire.,0,0,0,1,0,0,1,0,0,0,
6,,25,canzone,abab cddc,,8,Io no fuivi sì lontano,0,0,1,0,0,0,1,0,0,0,
6,,26,canzone,abab cddc,,8,che 'l mio amor v'obriasse,0,0,0,1,0,0,1,0,0,0,
6,,27,canzone,abab cddc,,8,né non credo che Tristano,0,0,1,0,0,0,1,0,0,0,
6,,28,canzone,abab cddc,,8,Ysaotta tanto amasse.,0,0,1,0,1,0,1,0,0,0,
6,,29,canzone,abab cddc,,8,Quando vegio l'avenente,1,0,1,0,0,0,1,0,0,0,
6,,30,canzone,abab cddc,,8,"infra le donne aparere,",1,0,0,1,0,0,1,0,0,0,
6,,31,canzone,abab cddc,,8,lo cor mi trae di martiri,0,1,0,1,0,0,1,0,0,0,
6,,32,canzone,abab cddc,,8,e ralegrami la mente.,0,0,1,0,0,0,1,0,0,0,
7,,1,canzone,abab cdcdc,,8,Quando veggio rinverdire,1,0,1,0,0,0,1,0,0,0,
7,,2,canzone,abab cdcdc,,8,"giardino e prato e rivera,",0,1,0,1,0,0,1,0,0,0,
7,,3,canzone,abab cdcdc,,8,gli auscelletti odo bradire:,0,0,1,1,0,0,1,0,0,0,
7,,4,canzone,abab cdcdc,,8,udendo la primavera,0,1,0,0,0,0,1,0,0,0,
7,,5,canzone,abab cdcdc,,8,"fanno lor gioia e diporto,",1,0,0,1,0,0,1,0,0,0,
7,,6,canzone,abab cdcdc,,8,ed io voglio pensare e dire:,0,1,0,0,1,0,1,0,0,0,
7,,7,canzone,abab cdcdc,,8,canto per donar conforto,1,0,0,0,1,0,1,0,0,0,
7,,8,canzone,abab cdcdc,,8,"e li mai d'amor covrire,",0,0,1,0,1,0,1,0,0,0,
7,,9,canzone,abab cdcdc,,8,che l'amanti pere a torto.,0,0,1,0,1,0,1,0,0,0,
7,,10,canzone,abab cdcdc,,8,"L'amor è leggiere cosa,",0,1,0,0,1,0,1,0,0,0,
7,,11,canzone,abab cdcdc,,8,molt'è forte esere amato.,1,0,1,1,0,0,1,0,0,0,
7,,12,canzone,abab cdcdc,,8,Chi è amato ed ama in posa,0,0,1,0,1,0,1,0,0,0,
7,,13,canzone,abab cdcdc,,8,lo mondo à dal suo lato.,0,1,0,1,0,0,1,0,0,0,
7,,14,canzone,abab cdcdc,,8,Le donne n'ànno pietanza,0,1,0,1,0,0,1,0,0,0,
7,,15,canzone,abab cdcdc,,8,chi per lor patisce pene;,0,0,1,0,1,0,1,0,0,0,
7,,16,canzone,abab cdcdc,,8,sed è nullo ch'aggia amanza,0,0,1,0,1,0,1,0,0,0,
7,,17,canzone,abab cdcdc,,8,"lo suo cor in gioia mantene,",0,0,1,0,1,0,1,0,0,0,
7,,18,canzone,abab cdcdc,,8,tutor vive in allegranza.,0,0,1,0,0,0,1,0,0,0,
7,,19,canzone,abab cdcdc,,8,In gioia vive tutavia;,0,1,1,0,0,0,1,0,0,0,
7,,20,canzone,abab cdcdc,,8,"al cor sento ond'io mi doglio,",0,1,1,0,1,0,1,0,0,0,
7,,21,canzone,abab cdcdc,,8,"madonna, per gelosia,",0,1,0,0,0,0,1,0,0,0,
7,,22,canzone,abab cdcdc,,8,l pensamento mi fa orgoglio.,0,0,1,0,0,0,1,0,0,0,
7,,23,canzone,abab cdcdc,,8,"Amor non vol vengiamento,",0,1,0,1,0,0,1,0,0,0,
7,,24,canzone,abab cdcdc,,8,ma vuol esser sofritore,0,0,1,0,0,0,1,0,0,0,
7,,25,canzone,abab cdcdc,,8,di servire a piacimento,0,0,1,0,0,0,1,0,0,0,
7,,26,canzone,abab cdcdc,,8,"quello che 'ntende amore,",1,0,0,1,0,0,1,0,0,0,
7,,27,canzone,abab cdcdc,,8,sì conviene a compimento.,1,0,1,0,0,0,1,0,0,0,
7,,28,canzone,abab cdcdc,,8,Vostra sia la 'ncomincianza,1,0,1,0,0,0,1,0,0,0,
7,,29,canzone,abab cdcdc,,8,"che m'invitaste d'amore,",0,0,0,1,0,0,1,0,0,0,
7,,30,canzone,abab cdcdc,,8,non guataste in fallanza,0,0,1,0,0,0,1,0,0,0,
7,,31,canzone,abab cdcdc,,8,ché comprendeste il mio core.,0,0,0,1,0,0,1,0,0,0,
7,,32,canzone,abab cdcdc,,8,"Donna, per vostra 'noranza",1,0,0,1,0,0,1,0,0,0,
7,,33,canzone,abab cdcdc,,8,"sicurastemi la vita,",0,0,1,0,0,0,1,0,0,0,
7,,34,canzone,abab cdcdc,,8,donastemi per amanza,0,1,0,0,0,0,1,0,0,0,
7,,35,canzone,abab cdcdc,,8,una treccia d'auro ponita:,0,1,0,1,0,0,1,0,0,0,
7,,36,canzone,abab cdcdc,,8,io la porto a rimembranza.,0,0,1,0,0,0,1,0,0,0,
8,V,1,canzone,abab cdcd,,5,Ispendïente,0,0,0,1,0,0,0,0,0,0,
8,V,2,canzone,abab cdcd,,5,stella d'albore,1,0,0,1,0,0,0,0,0,0,
8,V,3,canzone,abab cdcd,,5,e piagente,0,0,0,0,0,0,0,0,0,0,IPOMETRO
8,V,4,canzone,abab cdcd,,5,"donna d'amore,",1,0,0,1,0,0,0,0,0,0,
8,V,5,canzone,abab cdcd,,10,"bella, lo mio core, ch'ài in tua ballia,",0,0,0,0,0,0,0,0,0,0,IPERMETRO
8,V,6,canzone,abab cdcd,,10,"da voi non si diparte, in fidanza;",0,1,0,0,0,1,0,0,1,0,
8,V,7,canzone,abab cdcd,,10,"or ti rimembri, bella, la dia",1,0,0,1,0,1,0,0,1,0,
8,V,8,canzone,abab cdcd,,10,che noi fermammo la dolze amanza.,0,1,0,1,0,0,1,0,1,0,
8,V,9,canzone,abab cdcd,,5,"Bella, or ti sia",1,0,0,1,0,0,0,0,0,0,
8,V,10,canzone,abab cdcd,,5,rimembranza,0,0,0,0,0,0,0,0,0,0,IPOMETRO
8,V,11,canzone,abab cdcd,,5,la dolze dia,0,1,0,1,0,0,0,0,0,0,
8,V,12,canzone,abab cdcd,,5,e ll'alegranza,0,0,0,1,0,0,0,0,0,0,
8,V,13,canzone,abab cdcd,,10,quando in diportanza istava con voi;,1,0,0,1,0,1,0,0,1,0,
8,V,14,canzone,abab cdcd,,10,"basciando mi dicie: «Anima mia,",0,1,0,0,1,1,0,0,1,0,
8,V,15,canzone,abab cdcd,,10,lo dolze amore ch'è 'ntra noi dui,0,1,0,1,0,1,0,0,1,0,
8,V,16,canzone,abab cdcd,,10,non falsasse per cosa che sia!».,0,0,1,0,0,1,0,0,1,0,
8,V,17,canzone,abab cdcd,,5,Lo tuo splendore,0,0,0,1,0,0,0,0,0,0,
8,V,18,canzone,abab cdcd,,5,"m'à sì preso,",0,0,0,0,0,0,0,0,0,0,IPOMETRO
8,V,19,canzone,abab cdcd,,5,di gioia d'amore,0,1,0,1,0,0,0,0,0,0,
8,V,20,canzone,abab cdcd,,5,"m'à conquiso,",0,0,0,0,0,0,0,0,0,0,IPOMETRO
8,V,21,canzone,abab cdcd,,10,"sì che da voi non aso partire,",1,0,0,1,0,1,0,0,1,0,
8,V,22,canzone,abab cdcd,,10,e non faria sed io lo volesse;,0,0,0,1,0,1,0,0,1,0,
8,V,23,canzone,abab cdcd,,10,"ben mi poria adoblar li martire,",1,0,0,1,0,1,0,0,1,0,
8,V,24,canzone,abab cdcd,,10,se 'nver' voi fallimento facesse.,0,0,1,0,0,1,0,0,1,0,
8,V,25,canzone,abab cdcd,,5,"Donna valente,",1,0,0,1,0,0,0,0,0,0,
8,V,26,canzone,abab cdcd,,5,la mïa vita,0,0,0,1,0,0,0,0,0,0,
8,V,27,canzone,abab cdcd,,5,"per voi, più gente,",0,1,0,1,0,0,0,0,0,0,
8,V,28,canzone,abab cdcd,,5,"è ismarita,",1,0,0,1,0,0,0,0,0,0,
8,V,29,canzone,abab cdcd,,10,se non fosse la dolze aita e lo conforto,0,0,0,0,0,0,0,0,0,0,IPERMETRO
8,V,30,canzone,abab cdcd,,10,"membiando ch'éi te, bella, a lo mio brazzo,",0,0,0,0,0,0,0,0,0,0,IPERMETRO
8,V,31,canzone,abab cdcd,,10,quando scendesti a me in diporto,1,0,0,1,0,1,0,0,1,0,
8,V,32,canzone,abab cdcd,,10,per la finestra de lo palazzo.,0,0,0,1,0,0,0,0,1,0,
8,V,33,canzone,abab cdcd,,5,"Alor t'éi, bella,",0,0,1,1,0,0,0,0,0,0,
8,V,34,canzone,abab cdcd,,5,"in mia ballia,",0,0,0,1,0,0,0,0,0,0,
8,V,35,canzone,abab cdcd,,5,"rosa novella,",1,0,0,1,0,0,0,0,0,0,
8,V,36,canzone,abab cdcd,,5,per me temia.,0,1,0,1,0,0,0,0,0,0,
8,V,37,canzone,abab cdcd,,10,Di voi presi amorosa mia vengianza;,0,0,0,0,0,0,0,0,0,0,IPERMETRO
8,V,38,canzone,abab cdcd,,10,"oi, 'n fide, rosa, fosti patuta!",0,1,0,1,0,1,0,0,1,0,
8,V,39,canzone,abab cdcd,,10,"Se 'n mia ballia avesse Spagna e Franza,",0,0,0,1,1,0,1,0,1,0,
8,V,40,canzone,abab cdcd,,10,nonn averei sì rica tenuta.,0,0,0,1,0,1,0,0,1,0,
8,V,41,canzone,abab cdcd,,5,Ch'ïo partia,1,0,0,1,0,0,0,0,0,0,
8,V,42,canzone,abab cdcd,,5,"da voi, intando",0,1,0,1,0,0,0,0,0,0,
8,V,43,canzone,abab cdcd,,5,diciavatemi,0,0,0,0,0,0,0,0,0,0,IPOMETRO
8,V,44,canzone,abab cdcd,,5,sospirando:,0,0,0,0,0,0,0,0,0,0,IPOMETRO
8,V,45,canzone,abab cdcd,,10,"«Se vai, meo sire, e fai dimoranza,",0,1,0,1,0,1,0,0,1,0,
8,V,46,canzone,abab cdcd,,10,ve' ch'io m'arendo e faccio altra vita;,1,0,0,1,0,1,0,0,1,0,
8,V,47,canzone,abab cdcd,,10,"giamai non entro in gioco né in danza,",0,1,0,1,0,1,0,0,1,0,
8,V,48,canzone,abab cdcd,,10,ma sto rinchiusa più che romita».,0,0,0,1,0,1,0,0,1,0,
8,V,49,canzone,abab cdcd,,5,"Or vi sia a mente,",1,0,0,1,0,0,0,0,0,0,
8,V,50,canzone,abab cdcd,,5,"oi donna mia,",0,1,0,1,0,0,0,0,0,0,
8,V,51,canzone,abab cdcd,,5,che strana gente,0,1,0,1,0,0,0,0,0,0,
8,V,52,canzone,abab cdcd,,5,v'à in balia.,1,0,0,1,0,0,0,0,0,0,
8,V,53,canzone,abab cdcd,,10,Lo vostro core non falsasse:,0,0,0,0,0,0,0,0,0,0,IPOMETRO
8,V,54,canzone,abab cdcd,,10,"di me, bella, vi sia rimembranza!",0,1,1,0,0,1,0,0,1,0,
8,V,55,canzone,abab cdcd,,10,"Tu ssai, amore, le pene ch'io trasse:",0,1,1,0,0,1,0,0,1,0,
8,V,56,canzone,abab cdcd,,10,"chi ne diparte, mora in tristanza!",0,0,0,1,0,1,0,0,1,0,
8,V,57,canzone,abab cdcd,,5,"Chi ne diparte,",1,0,0,1,0,0,0,0,0,0,
8,V,58,canzone,abab cdcd,,5,"fiore di rosa,",1,0,0,1,0,0,0,0,0,0,
8,V,59,canzone,abab cdcd,,5,non abia parte,0,1,0,1,0,0,0,0,0,0,
8,V,60,canzone,abab cdcd,,5,"in buona cosa,",0,1,0,1,0,0,0,0,0,0,
8,V,61,canzone,abab cdcd,,10,che Deo fece l'amor dolce e fino.,0,1,1,0,0,1,1,0,1,0,
8,V,62,canzone,abab cdcd,,10,"Di due amanti che s'amaro di core,",0,0,0,0,0,0,0,0,0,0,IPERMETRO
8,V,63,canzone,abab cdcd,,10,"asai versi canta Giacomino,",0,0,1,0,1,0,0,0,1,0,
8,V,64,canzone,abab cdcd,,10,che si diparte di reo amore.,0,0,0,1,0,0,1,0,1,0,
8,Z,1,canzone,abab cdcd,,5,Oi resplendiente,0,0,0,1,0,0,0,0,0,0,
8,Z,2,canzone,abab cdcd,,5,"stella de albur,",1,0,0,1,0,0,0,0,0,0,
8,Z,3,canzone,abab cdcd,,5,dulce plaçente,1,0,0,1,0,0,0,0,0,0,
8,Z,4,canzone,abab cdcd,,5,"dona d'amur,",1,0,0,1,0,0,0,0,0,0,
8,Z,5,canzone,abab cdcd,,10,"bella, lu meu cor as in balia:",1,0,0,0,1,1,0,0,1,0,
8,Z,6,canzone,abab cdcd,,10,"da voy non si departe, en fidança,",0,1,0,0,0,1,0,0,1,0,
8,Z,7,canzone,abab cdcd,,10,m'ad on'or te renenbra la dya,0,0,1,0,0,1,0,0,1,0,
8,Z,8,canzone,abab cdcd,,10,quando formamo la dulçe amança.,1,0,0,1,0,0,1,0,1,0,
8,Z,9,canzone,abab cdcd,,5,"Bella, or ti sia",1,0,0,1,0,0,0,0,0,0,
8,Z,10,canzone,abab cdcd,,5,renabrança,0,0,0,0,0,0,0,0,0,0,IPOMETRO
8,Z,11,canzone,abab cdcd,,5,la dulça dia,0,1,0,1,0,0,0,0,0,0,
8,Z,12,canzone,abab cdcd,,5,e l'alegrança,0,0,0,1,0,0,0,0,0,0,
8,Z,13,canzone,abab cdcd,,10,quando in deporto stava cum voy;,1,0,0,1,0,1,0,0,1,0,
8,Z,14,canzone,abab cdcd,,10,"basando me disist: «Anima mya,",0,0,0,0,0,0,0,0,0,0,
8,Z,15,canzone,abab cdcd,,10,lu gran solaç k'è 'nfra noy due,0,0,0,1,0,1,0,0,1,0,
8,Z,16,canzone,abab cdcd,,10,ne falsasi per dona ki sia!».,0,0,1,0,0,1,0,0,1,0,
8,Z,17,canzone,abab cdcd,,5,Lu to splandore,0,0,0,1,0,0,0,0,0,0,
8,Z,18,canzone,abab cdcd,,5,"m'avi sì preso,",1,0,0,1,0,0,0,0,0,0,
8,Z,19,canzone,abab cdcd,,5,cum zoi d'amore,0,1,0,1,0,0,0,0,0,0,
8,Z,20,canzone,abab cdcd,,5,m'avi conquiso,1,0,0,1,0,0,0,0,0,0,
8,Z,21,canzone,abab cdcd,,10,sì ch'eu di voy non posse partire,0,1,0,1,0,1,0,0,1,0,
8,Z,22,canzone,abab cdcd,,10,"e nol volria, si ben lu podese,",0,0,0,1,0,1,0,0,1,0,
8,Z,23,canzone,abab cdcd,,10,"ka ·l me poria dupler li martire,",0,0,0,1,0,1,0,0,1,0,
8,Z,24,canzone,abab cdcd,,10,k'inver' di voi fallança facisse.,0,1,0,1,0,1,0,0,1,0,
8,Z,25,canzone,abab cdcd,,5,Dona valente,1,0,0,1,0,0,0,0,0,0,
8,Z,26,canzone,abab cdcd,,5,la mïa vita,0,0,0,1,0,0,0,0,0,0,
8,Z,27,canzone,abab cdcd,,5,"per voi, plu çente,",0,1,0,1,0,0,0,0,0,0,
8,Z,28,canzone,abab cdcd,,5,"sta smarita,",0,0,0,0,0,0,0,0,0,0,IPOMETRO
8,Z,29,canzone,abab cdcd,,10,si non+ fus'u+ dulce conforto,0,0,0,0,0,0,0,0,0,0,
8,Z,30,canzone,abab cdcd,,10,"nenbrando k'eu lu ten al meu braço,",0,1,0,1,0,1,0,0,1,0,
8,Z,31,canzone,abab cdcd,,10,quant descendist a me in deporto,1,0,0,1,0,1,0,0,1,0,
8,Z,32,canzone,abab cdcd,,10,per la fenestra de lu palaço.,0,0,0,1,0,0,0,0,1,0,